{
  "text": "Hello EV, could you please open YouTube for me?",
  "segments": [
    {
      "id": 0,
      "seek": 0,
      "start": 0.0,
      "end": 4.0,
      "text": " Hello EV, could you please open YouTube for me?",
      "tokens": [
        50364,
        2425,
        15733,
        11,
        727,
        291,
        1767,
        1269,
        3088,
        337,
        385,
        30,
        50564
      ],
      "temperature": 0.0,
      "avg_logprob": -0.5718276841299874,
      "compression_ratio": 0.8545454545454545,
      "no_speech_prob": 0.08726311475038528
    }
  ],
  "language": "en",
  "audio_file": "audio.wav"
}